TableName,ColumnDescription,ColumnName,DataType,IsMetricOrDimension,Comments
agentservices_tasky_agent_states_v2,EMPTY,OUID,String,Dimension,
agentservices_tasky_agent_states_v2,EMPTY,AgentID,UUID,Dimension,
agentservices_tasky_agent_states_v2,EMPTY,AgentEmail,String,Dimension,
agentservices_tasky_agent_states_v2,EMPTY,State,String,Dimension,
agentservices_tasky_agent_states_v2,EMPTY,PrevState,String,Dimension,
agentservices_tasky_agent_states_v2,EMPTY,Reason,String,Dimension,
agentservices_tasky_agent_states_v2,EMPTY,Timestamp,DateTime64(3),Dimension,
agentservices_tasky_agent_states_v2,EMPTY,InsertedAt,DateTime64(3),Dimension,
agentservices_tasky_agent_states_v2,EMPTY,AppVSN,String,Dimension,
agentservices_tasky_agent_states_v2,EMPTY,EID,UUID,Dimension,
agentservices_tasky_agent_states_v2,EMPTY,Universe,String,Dimension,
agentservices_tasky_allocation_created,EMPTY,OUID,String,Dimension,
agentservices_tasky_allocation_created,EMPTY,TaskID,UUID,Dimension,
agentservices_tasky_allocation_created,EMPTY,AgentOUID,String,Dimension,
agentservices_tasky_allocation_created,EMPTY,AgentID,UUID,Dimension,
agentservices_tasky_allocation_created,EMPTY,AllocationID,UUID,Dimension,
agentservices_tasky_allocation_created,EMPTY,TaskAttributes,Nullable(String),Dimension,
agentservices_tasky_allocation_created,EMPTY,AgentAttributes,Nullable(String),Dimension,
agentservices_tasky_allocation_created,EMPTY,Mode,String,Dimension,
agentservices_tasky_allocation_created,EMPTY,Timestamp,DateTime64(3),Dimension,
agentservices_tasky_allocation_created,EMPTY,InsertedAt,DateTime64(3),Dimension,
agentservices_tasky_allocation_created,EMPTY,AppVSN,String,Dimension,
agentservices_tasky_allocation_created,EMPTY,EID,UUID,Dimension,
agentservices_tasky_allocation_created,EMPTY,Universe,String,Dimension,
agentservices_tasky_allocation_created,EMPTY,AllocationCycleTimestamp,Nullable(DateTime64(6)),Dimension,
agentservices_tasky_reviewer_offline_events,EMPTY,OUID,String,Dimension,
agentservices_tasky_reviewer_offline_events,EMPTY,AgentID,UUID,Dimension,
agentservices_tasky_reviewer_offline_events,EMPTY,AgentEmail,String,Dimension,
agentservices_tasky_reviewer_offline_events,EMPTY,OfflineReason,String,Dimension,
agentservices_tasky_reviewer_offline_events,EMPTY,Timestamp,DateTime64(3),Dimension,
agentservices_tasky_reviewer_offline_events,EMPTY,InsertedAt,DateTime64(3),Dimension,
agentservices_tasky_reviewer_offline_events,EMPTY,AppVSN,String,Dimension,
agentservices_tasky_reviewer_offline_events,EMPTY,EID,UUID,Dimension,
agentservices_tasky_reviewer_offline_events,EMPTY,Universe,String,Dimension,
agentservices_tasky_task_states_v2,EMPTY,OUID,String,Dimension,
agentservices_tasky_task_states_v2,EMPTY,TaskID,UUID,Dimension,
agentservices_tasky_task_states_v2,EMPTY,ProfileID,UUID,Dimension,
agentservices_tasky_task_states_v2,EMPTY,AgentID,Nullable(UUID),Dimension,
agentservices_tasky_task_states_v2,EMPTY,State,String,Dimension,
agentservices_tasky_task_states_v2,EMPTY,PrevState,Nullable(String),Dimension,
agentservices_tasky_task_states_v2,EMPTY,Reason,String,Dimension,
agentservices_tasky_task_states_v2,EMPTY,TaskType,String,Dimension,
agentservices_tasky_task_states_v2,EMPTY,Mode,String,Dimension,
agentservices_tasky_task_states_v2,EMPTY,Timestamp,DateTime64(3),Dimension,
agentservices_tasky_task_states_v2,EMPTY,InsertedAt,DateTime64(3),Dimension,
agentservices_tasky_task_states_v2,EMPTY,AppVSN,String,Dimension,
agentservices_tasky_task_states_v2,EMPTY,EID,UUID,Dimension,
agentservices_tasky_task_states_v2,EMPTY,Universe,String,Dimension,
agentservices_tasky_tasks_completed,EMPTY,OUID,String,Dimension,
agentservices_tasky_tasks_completed,EMPTY,TaskID,UUID,Dimension,
agentservices_tasky_tasks_completed,EMPTY,ProfileID,UUID,Dimension,
agentservices_tasky_tasks_completed,EMPTY,AgentOUID,String,Dimension,
agentservices_tasky_tasks_completed,EMPTY,AgentID,UUID,Dimension,
agentservices_tasky_tasks_completed,EMPTY,Action,String,Dimension,
agentservices_tasky_tasks_completed,EMPTY,TaskType,String,Dimension,
agentservices_tasky_tasks_completed,EMPTY,Mode,String,Dimension,
agentservices_tasky_tasks_completed,EMPTY,Timestamp,DateTime64(3),Dimension,
agentservices_tasky_tasks_completed,EMPTY,InsertedAt,DateTime64(3),Dimension,
agentservices_tasky_tasks_completed,EMPTY,AppVSN,String,Dimension,
agentservices_tasky_tasks_completed,EMPTY,EID,UUID,Dimension,
agentservices_tasky_tasks_completed,EMPTY,Universe,String,Dimension,
agentservices_tasky_tasks_completed,EMPTY,AllocationID,Nullable(String),Dimension,
agentservices_tasky_tasks_created,EMPTY,OUID,String,Dimension,
agentservices_tasky_tasks_created,EMPTY,TaskID,UUID,Dimension,
agentservices_tasky_tasks_created,EMPTY,ProfileID,UUID,Dimension,
agentservices_tasky_tasks_created,EMPTY,TaskType,String,Dimension,
agentservices_tasky_tasks_created,EMPTY,TaskAttributes,Nullable(String),Dimension,
agentservices_tasky_tasks_created,EMPTY,Mode,String,Dimension,
agentservices_tasky_tasks_created,EMPTY,Timestamp,DateTime64(3),Dimension,
agentservices_tasky_tasks_created,EMPTY,InsertedAt,DateTime64(3),Dimension,
agentservices_tasky_tasks_created,EMPTY,AppVSN,String,Dimension,
agentservices_tasky_tasks_created,EMPTY,EID,UUID,Dimension,
agentservices_tasky_tasks_created,EMPTY,Universe,String,Dimension,
agentservices_tasky_tasks_events,EMPTY,OUID,String,Dimension,
agentservices_tasky_tasks_events,EMPTY,TaskID,UUID,Dimension,
agentservices_tasky_tasks_events,EMPTY,ProfileID,UUID,Dimension,
agentservices_tasky_tasks_events,EMPTY,TaskType,String,Dimension,
agentservices_tasky_tasks_events,EMPTY,EventName,String,Dimension,
agentservices_tasky_tasks_events,EMPTY,Mode,String,Dimension,
agentservices_tasky_tasks_events,EMPTY,Timestamp,DateTime64(3),Dimension,
agentservices_tasky_tasks_events,EMPTY,InsertedAt,DateTime64(3),Dimension,
agentservices_tasky_tasks_events,EMPTY,AppVSN,String,Dimension,
agentservices_tasky_tasks_events,EMPTY,EID,UUID,Dimension,
agentservices_tasky_tasks_events,EMPTY,Universe,String,Dimension,
agentservices_tasky_tasks_events,EMPTY,AllocationID,Nullable(String),Dimension,
agentservices_tasky_tasks_events,EMPTY,AgentID,Nullable(UUID),Dimension,
av_agent_offline_reasons,Duration for which agent was offline,TAT,Int64,Metric,
av_agent_offline_reasons,EMPTY,Timestamp,DateTime64(3),Dimension,
av_agent_offline_reasons,EMPTY,OUID,String,Dimension,
av_agent_offline_reasons,EMPTY,AccountID,UUID,Dimension,
av_agent_offline_reasons,EMPTY,Universe,String,Dimension,
av_agent_offline_reasons,EMPTY,Reason,String,Dimension,
av_agent_offline_reasons,EMPTY,BackOnlineAt,Nullable(DateTime64(3)),Dimension,
av_agent_offline_reasons,EMPTY,Email,String,Dimension,
av_agent_offline_reasons,EMPTY,Location,Nullable(String),Dimension,
av_agent_offline_reasons,EMPTY,InsertedAt,DateTime64(3),Dimension,
av_allocation_events,EMPTY,Assigned,Int8,Dimension,
av_allocation_events,EMPTY,Universe,Nullable(String),Dimension,
av_allocation_events,EMPTY,OUID,String,Dimension,
av_allocation_events,EMPTY,EID,Nullable(UUID),Dimension,
av_allocation_events,EMPTY,AVSessionID,UUID,Dimension,
av_allocation_events,EMPTY,QueueName,String,Dimension,
av_allocation_events,EMPTY,CaptureSessionID,String,Dimension,
av_allocation_events,EMPTY,TaskID,UUID,Dimension,
av_allocation_events,EMPTY,AuthSessionID,UUID,Dimension,
av_allocation_events,EMPTY,OperatorSessionID,UUID,Dimension,
av_allocation_events,EMPTY,AccountID,UUID,Dimension,
av_allocation_events,EMPTY,AllocationID,UUID,Dimension,
av_allocation_events,EMPTY,Timestamp,DateTime64(3),Dimension,
av_allocation_events,EMPTY,EventName,String,Dimension,
av_allocation_events,EMPTY,InsertedAt,DateTime,Dimension,
av_call_details,EMPTY,UserWasInCall,Nullable(UInt8),Dimension,
av_call_details,EMPTY,OUID,String,Dimension,
av_call_details,EMPTY,TaskID,UUID,Dimension,
av_call_details,EMPTY,AVSessionID,UUID,Dimension,
av_call_details,EMPTY,EventName,String,Dimension,
av_call_details,EMPTY,AccountID,Nullable(UUID),Dimension,
av_call_details,EMPTY,AllocationID,Nullable(UUID),Dimension,
av_call_details,EMPTY,OperatorSessionID,Nullable(UUID),Dimension,
av_call_details,EMPTY,QueueName,Nullable(String),Dimension,
av_call_details,EMPTY,FinalSessionState,Nullable(String),Dimension,
av_call_details,EMPTY,FinalSessionStateReason,Nullable(String),Dimension,
av_call_details,EMPTY,Timestamp,DateTime64(3),Dimension,
av_call_details,EMPTY,AppVSN,String,Dimension,
av_call_details,EMPTY,Universe,String,Dimension,
av_call_details,EMPTY,EID,UUID,Dimension,
av_call_details,EMPTY,InsertedAt,DateTime64(3),Dimension,
av_call_events,EMPTY,Assigned,Int8,Dimension,
av_call_events,EMPTY,Universe,Nullable(String),Dimension,
av_call_events,EMPTY,OUID,String,Dimension,
av_call_events,EMPTY,EID,UUID,Dimension,
av_call_events,EMPTY,AVSessionID,UUID,Dimension,
av_call_events,EMPTY,QueueName,String,Dimension,
av_call_events,EMPTY,CaptureSessionID,String,Dimension,
av_call_events,EMPTY,TaskID,UUID,Dimension,
av_call_events,EMPTY,Timestamp,DateTime64(3),Dimension,
av_call_events,EMPTY,EventName,String,Dimension,
av_call_events,EMPTY,Details,String,Dimension,
av_call_events,EMPTY,InsertedAt,DateTime,Dimension,
av_completed_profiles,Time duration from profile creation to completion,OverallTAT,Int64,Metric,
av_completed_profiles,Call duration of the task,CallDuration,Int64,Metric,
av_completed_profiles,Customer's wait time,WaitTimeInQueue,Int64,Metric,
av_completed_profiles,Time duration from first link open by customer to profile completion,FirstAttemptToCompletionTAT,Int64,Metric,
av_completed_profiles,Time duration from profile creation to link clicked,DaysToInvokeFirstCapture,Int64,Metric,
av_completed_profiles,Time taken by agent to perform review on the profile. Review start to review completion.,ReviewerTAT,Nullable(Int64),Metric,
av_completed_profiles,Time duration from link clicked to start of video call,TotalEngagementTimePreVideo,Nullable(Int64),Metric,
av_completed_profiles,Total duration taken by customer including video call,CaptureJourneyTAT,Nullable(Int64),Metric,
av_completed_profiles,Time duration from first link opened by customer to when profile went to review required,CaptureInvokedToReviewRequiredTAT,Nullable(Int64),Metric,
av_completed_profiles,Time taken for Video Composition of recordings,VCTime,Nullable(Int64),Metric,
av_completed_profiles,No of capture journeys completed for a profile done by customer. Based on Capture ID.,TotalProfileLevelCaptures,Int64,Metric,
av_completed_profiles,No of capture journeys attempted for a profile done by customer. Based on capture sessions.,TotalCaptureAttempts,Int64,Metric,
av_completed_profiles,Total number of video calls done by the customer,TotalVideoCallAttempts,Int64,Metric,
av_completed_profiles,EMPTY,StraightPassThrough,Int8,Dimension,
av_completed_profiles,No of UTV tasks for the profile due to technical reasons,TechnicalReasonUTVs,Int64,Metric,
av_completed_profiles,No of UTV tasks for the profile due to business reasons,BusinessReasonUTVs,Int64,Metric,
av_completed_profiles,EMPTY,ProfileID,UUID,Dimension,
av_completed_profiles,EMPTY,TaskID,UUID,Dimension,
av_completed_profiles,EMPTY,AVSessionID,UUID,Dimension,
av_completed_profiles,EMPTY,CustomerParticipantID,UUID,Dimension,
av_completed_profiles,EMPTY,OperatorParticipantID,UUID,Dimension,
av_completed_profiles,EMPTY,CaptureSessionID,Nullable(String),Dimension,
av_completed_profiles,EMPTY,OperatorAccountID,UUID,Dimension,
av_completed_profiles,EMPTY,MSCRoomID,UUID,Dimension,
av_completed_profiles,EMPTY,PackageID,Nullable(UUID),Dimension,
av_completed_profiles,EMPTY,CaptureID,Nullable(UUID),Dimension,
av_completed_profiles,EMPTY,ReviewerAccountID,Nullable(UUID),Dimension,
av_completed_profiles,EMPTY,OUID,String,Dimension,
av_completed_profiles,EMPTY,CreatedAt,DateTime64(3),Dimension,
av_completed_profiles,EMPTY,ReviewRequiredTimestamp,Nullable(DateTime64(3)),Dimension,
av_completed_profiles,EMPTY,FinalOperatorActionAt,DateTime64(3),Dimension,
av_completed_profiles,EMPTY,ReviewedAt,Nullable(DateTime64(3)),Dimension,
av_completed_profiles,EMPTY,FirstCaptureInvokedAt,DateTime64(3),Dimension,
av_completed_profiles,EMPTY,Timestamp,DateTime64(3),Dimension,
av_completed_profiles,EMPTY,InsertedAt,DateTime64(3),Dimension,
av_completed_profiles,EMPTY,Universe,Nullable(String),Dimension,
av_completed_profiles,EMPTY,OperatorEmail,String,Dimension,
av_completed_profiles,EMPTY,MSCInstanceGroup,String,Dimension,
av_completed_profiles,EMPTY,OperatorAction,String,Dimension,
av_completed_profiles,EMPTY,OperatorReason,Nullable(String),Dimension,
av_completed_profiles,EMPTY,ReviewerAction,Nullable(String),Dimension,
av_completed_profiles,EMPTY,ReviewerReason,Nullable(String),Dimension,
av_completed_profiles,EMPTY,ReviewerEmailID,Nullable(String),Dimension,
av_completed_profiles,EMPTY,ProfileTag,Nullable(String),Dimension,
av_completed_profiles,EMPTY,OperatorActionLabel,Nullable(String),Dimension,
av_completed_profiles,EMPTY,ExtReferenceID,Nullable(String),Dimension,
av_completed_profiles,EMPTY,QueueLabel,Nullable(String),Dimension,
av_completed_profiles,EMPTY,State,Nullable(String),Dimension,
av_completed_profiles,EMPTY,Country,Nullable(String),Dimension,
av_completed_profiles,EMPTY,CountryCode,Nullable(String),Dimension,
av_completed_profiles,EMPTY,Latitude,Nullable(String),Dimension,
av_completed_profiles,EMPTY,Longitude,Nullable(String),Dimension,
av_completed_tasks_v2,Duration of video call,CallDuration,Int32,Metric,
av_completed_tasks_v2,MSC configuration flag,MSCStartAfterAllJoin,Int8,Dimension,
av_completed_tasks_v2,Average outgoing bitrate of customer during video call,CustomerOutgoingBitrateAvg,Float32,Metric,
av_completed_tasks_v2,Average incoming bitrate of customer during video call,CustomerIncomingBitrateAvg,Float32,Metric,
av_completed_tasks_v2,Average outgoing bitrate of operator during video call,OperatorOutgoingBitrateAvg,Float32,Metric,
av_completed_tasks_v2,Average incoming bitrate of operator during video call,OperatorIncomingBitrateAvg,Float32,Metric,
av_completed_tasks_v2,P90 outgoing bitrate of customer during video call,CustomerOutgoingBitrateP90,Float32,Metric,
av_completed_tasks_v2,P90 incoming bitrate of customer during video call,CustomerIncomingBitrateP90,Float32,Metric,
av_completed_tasks_v2,P90 outgoing bitrate of operator during video call,OperatorOutgoingBitrateP90,Float32,Metric,
av_completed_tasks_v2,P90 incoming bitrate of operator during video call,OperatorIncomingBitrateP90,Float32,Metric,
av_completed_tasks_v2,P90 customer audio level of mic,CustomerInputAudioLevelP90,Float32,Metric,
av_completed_tasks_v2,P90 customer audio level of speaker,CustomerOutputAudioLevelP90,Float32,Metric,
av_completed_tasks_v2,P90 operator audio level of mic,OperatorInputAudioLevelP90,Float32,Metric,
av_completed_tasks_v2,P90 operator audio level of speaker,OperatorOutputAudioLevelP90,Float32,Metric,
av_completed_tasks_v2,No of reconnects triggered by customer during the call,CustomerMSReconnectCount,Int8,Metric,
av_completed_tasks_v2,No of reconnects triggered by operator during the call,OperatorMSReconnectCount,Int8,Metric,
av_completed_tasks_v2,No of auto reconnects triggered by operator during the call,OperatorMSAutoReconnectCount,Int8,Metric,
av_completed_tasks_v2,No of manual reconnects triggered by operator during the call,OperatorMSManualReconnectCount,Int8,Metric,
av_completed_tasks_v2,Wait time of customer in queue before video call,WaitTimeInQueue,Nullable(Int64),Metric,
av_completed_tasks_v2,No of successful bandwidth check done before video call,SuccessBandwidthCheckCount,Int32,Metric,
av_completed_tasks_v2,Average bandwidth of bandwidth check done before video call,SuccessBandwidthCheckAvgTAT,Float64,Metric,
av_completed_tasks_v2,No of failed bandwidth check done before video call,FailedBandwidthCheckCount,Int32,Metric,
av_completed_tasks_v2,Average bandwidth of failed bandwidth check done before video call,FailedBandwidthCheckAvgTAT,Float64,Metric,
av_completed_tasks_v2,Bandwidth check TAT of attempt 1,Attempt1BandwidthCheckTAT,Float64,Metric,
av_completed_tasks_v2,Bandwidth check TAT of attempt 2,Attempt2BandwidthCheckTAT,Float64,Metric,
av_completed_tasks_v2,Bandwidth check TAT of attempt 3,Attempt3BandwidthCheckTAT,Float64,Metric,
av_completed_tasks_v2,Count of health check performed,HealthCheckAttemptCount,Int32,Metric,
av_completed_tasks_v2,"Audio level of customer's outgoing stream of ""Health Check"" before video call",CustomerPublishCheckAudioLevel,Float32,Metric,
av_completed_tasks_v2,"Audio level of customer's incoming stream of ""Health Check"" before video call",CustomerPlayCheckAudioLevel,Float32,Metric,
av_completed_tasks_v2,"P50 RTT of customer's outgoing stream of ""Health Check"" before video call",CustomerPublishCheckRTTP50,Float32,Metric,
av_completed_tasks_v2,"P90 RTT of customer's outgoing stream of ""Health Check"" before video call",CustomerPublishCheckRTTP90,Float32,Metric,
av_completed_tasks_v2,"P50 bandwidth of customer's outgoing audio stream of ""Health Check"" before video call",CustomerPublishCheckAudioBandwidthP50,Float32,Metric,
av_completed_tasks_v2,"P90 bandwidth of customer's outgoing audio stream of ""Health Check"" before video call",CustomerPublishCheckAudioBandwidthP90,Float32,Metric,
av_completed_tasks_v2,"P50 bandwidth of customer's outgoing video stream of ""Health Check"" before video call",CustomerPublishCheckVideoBandwidthP50,Float32,Metric,
av_completed_tasks_v2,"P90 bandwidth of customer's outgoing video stream of ""Health Check"" before video call",CustomerPublishCheckVideoBandwidthP90,Float32,Metric,
av_completed_tasks_v2,"P50 RTT of customer's incoming stream of ""Health Check"" before video call",CustomerPlayCheckRTTP50,Float32,Metric,
av_completed_tasks_v2,"P90 RTT of customer's incoming stream of ""Health Check"" before video call",CustomerPlayCheckRTTP90,Float32,Metric,
av_completed_tasks_v2,"P50 bandwidth of customer's incoming audio stream of ""Health Check"" before video call",CustomerPlayCheckAudioBandwidthP50,Float32,Metric,
av_completed_tasks_v2,"P90 bandwidth of customer's incoming audio stream of ""Health Check"" before video call",CustomerPlayCheckAudioBandwidthP90,Float32,Metric,
av_completed_tasks_v2,"P50 bandwidth of customer's incoming video stream of ""Health Check"" before video call",CustomerPlayCheckVideoBandwidthP50,Float32,Metric,
av_completed_tasks_v2,"P90 bandwidth of customer's incoming video stream of ""Health Check"" before video call",CustomerPlayCheckVideoBandwidthP90,Float32,Metric,
av_completed_tasks_v2,P50 customer outgoing Round Trip Time,CustomerPublishRTTP50,Float32,Metric,
av_completed_tasks_v2,P90 customer outgoing Round Trip Time,CustomerPublishRTTP90,Float32,Metric,
av_completed_tasks_v2,P50 customer incoming Round Trip Time,CustomerPlayRTTP50,Float32,Metric,
av_completed_tasks_v2,P90 customer incoming Round Trip Time,CustomerPlayRTTP90,Float32,Metric,
av_completed_tasks_v2,EMPTY,OUID,String,Dimension,
av_completed_tasks_v2,EMPTY,TaskID,String,Dimension,
av_completed_tasks_v2,EMPTY,AVSessionID,String,Dimension,
av_completed_tasks_v2,EMPTY,CallCompletedAt,DateTime,Dimension,
av_completed_tasks_v2,EMPTY,AccountID,String,Dimension,
av_completed_tasks_v2,EMPTY,Action,"Enum8('verified' = 1, 'rejected' = 2, 'unable_to_verify' = 3)",Dimension,
av_completed_tasks_v2,EMPTY,Reason,Nullable(String),Dimension,
av_completed_tasks_v2,EMPTY,ReasonCategory,"Nullable(Enum8('business' = 1, 'technical' = 2))",Dimension,
av_completed_tasks_v2,EMPTY,ActionLabel,Nullable(String),Dimension,
av_completed_tasks_v2,EMPTY,MSCRoomID,String,Dimension,
av_completed_tasks_v2,EMPTY,CustomerParticipantID,String,Dimension,
av_completed_tasks_v2,EMPTY,OperatorParticipantID,String,Dimension,
av_completed_tasks_v2,EMPTY,OperatorEmail,String,Dimension,
av_completed_tasks_v2,EMPTY,CallStartedAt,DateTime,Dimension,
av_completed_tasks_v2,EMPTY,MSCInstanceGroup,String,Dimension,
av_completed_tasks_v2,EMPTY,MSCTerminateParticipantsOn,String,Dimension,
av_completed_tasks_v2,EMPTY,InsertedAt,Nullable(DateTime),Dimension,
av_completed_tasks_v2,EMPTY,Universe,Nullable(String),Dimension,
av_completed_tasks_v2,EMPTY,CaptureSessionID,Nullable(String),Dimension,
av_completed_tasks_v2,EMPTY,PackageID,Nullable(UUID),Dimension,
av_completed_tasks_v2,EMPTY,ProfileID,Nullable(UUID),Dimension,
av_completed_tasks_v2,EMPTY,SkillConfig,Nullable(String),Dimension,
av_completed_tasks_v2,EMPTY,CaptureID,Nullable(UUID),Dimension,
av_completed_tasks_v2,EMPTY,AllocationSkills,Nullable(String),Dimension,
av_completed_tasks_v2,EMPTY,ProfileTag,Nullable(String),Dimension,
av_completed_tasks_v2,EMPTY,Remarks,Nullable(String),Dimension,
av_completed_tasks_v2,EMPTY,ClientVersion,Nullable(String),Dimension,
av_completed_tasks_v2,EMPTY,ClientEngineVersion,Nullable(String),Dimension,
av_completed_tasks_v2,EMPTY,ClientName,Nullable(String),Dimension,
av_completed_tasks_v2,EMPTY,ClientType,Nullable(String),Dimension,
av_completed_tasks_v2,EMPTY,DeviceModel,Nullable(String),Dimension,
av_completed_tasks_v2,EMPTY,DeviceType,Nullable(String),Dimension,
av_completed_tasks_v2,EMPTY,DeviceBrand,Nullable(String),Dimension,
av_completed_tasks_v2,EMPTY,OSName,Nullable(String),Dimension,
av_completed_tasks_v2,EMPTY,OSFamily,Nullable(String),Dimension,
av_completed_tasks_v2,EMPTY,BrowserFamily,Nullable(String),Dimension,
av_completed_tasks_v2,EMPTY,OSPlatform,Nullable(String),Dimension,
av_completed_tasks_v2,EMPTY,OSVersion,Nullable(String),Dimension,
av_completed_tasks_v2,EMPTY,CustomerPublishCheckParticipantID,Nullable(UUID),Dimension,
av_completed_tasks_v2,EMPTY,MSCPublisherCheckParticipantID,Nullable(UUID),Dimension,
av_operator_action,EMPTY,OUID,String,Dimension,
av_operator_action,EMPTY,TaskID,UUID,Dimension,
av_operator_action,EMPTY,AVSessionID,UUID,Dimension,
av_operator_action,EMPTY,AccountID,UUID,Dimension,
av_operator_action,EMPTY,Action,String,Dimension,
av_operator_action,EMPTY,Reason,Nullable(String),Dimension,
av_operator_action,EMPTY,ReasonCategory,Nullable(String),Dimension,
av_operator_action,EMPTY,Timestamp,DateTime64(3),Dimension,
av_operator_action,EMPTY,AppVSN,String,Dimension,
av_operator_action,EMPTY,Universe,String,Dimension,
av_operator_action,EMPTY,EID,UUID,Dimension,
av_operator_action,EMPTY,InsertedAt,DateTime64(3),Dimension,
av_operator_action,EMPTY,ActionLabel,Nullable(String),Dimension,
av_operator_action,EMPTY,Remarks,Nullable(String),Dimension,
av_operator_activity_stats,Total time duration for which operator was active,ToggleOntimeMS,Int64,Metric,
av_operator_activity_stats,Total time spent by operator in suspended state,SuspendedTimeMS,Int64,Metric,
av_operator_activity_stats,Total time spent by operator in allocated state,AllocatedTimeMS,Nullable(Int64),Metric,
av_operator_activity_stats,EMPTY,OUID,String,Dimension,
av_operator_activity_stats,EMPTY,AccountID,UUID,Dimension,
av_operator_activity_stats,EMPTY,Universe,Nullable(String),Dimension,
av_operator_activity_stats,EMPTY,AppVSN,Nullable(String),Dimension,
av_operator_activity_stats,EMPTY,Email,Nullable(String),Dimension,
av_operator_activity_stats,EMPTY,Location,Nullable(String),Dimension,
av_operator_activity_stats,EMPTY,InsertedAt,DateTime64(3),Dimension,
av_operator_activity_stats,EMPTY,Timestamp,DateTime64(3),Dimension,
av_operator_activity_stats,EMPTY,IdleTimeMS,Int64,Dimension,
av_operator_activity_stats,EMPTY,FirstToggleOn,Nullable(DateTime64(3)),Dimension,
av_operator_activity_stats,EMPTY,LastToggleOff,Nullable(DateTime64(3)),Dimension,
av_operator_activity_stats,EMPTY,LastState,String,Dimension,
av_operator_activity_stats,EMPTY,ShiftToggleOn,Nullable(DateTime64(3)),Dimension,
av_operator_events,EMPTY,Universe,Nullable(String),Dimension,
av_operator_events,EMPTY,OUID,String,Dimension,
av_operator_events,EMPTY,EID,UUID,Dimension,
av_operator_events,EMPTY,AuthSessionID,UUID,Dimension,
av_operator_events,EMPTY,LoggerSessionID,Nullable(UUID),Dimension,
av_operator_events,EMPTY,OperatorSessionID,Nullable(UUID),Dimension,
av_operator_events,EMPTY,AccountID,UUID,Dimension,
av_operator_events,EMPTY,Timestamp,DateTime64(3),Dimension,
av_operator_events,EMPTY,EventName,String,Dimension,
av_operator_events,EMPTY,InsertedAt,DateTime,Dimension,
av_operator_events,EMPTY,Reason,Nullable(String),Dimension,
av_operator_hourly_stats,No of calls allocated,CallsAllocatedCount,Int16,Metric,
av_operator_hourly_stats,No of incoming calls accepted,CallsAcceptedCount,Int16,Metric,
av_operator_hourly_stats,No of incoming calls where no action was taken,CallsNoActionCount,Int16,Metric,
av_operator_hourly_stats,No of incoming calls declined,CallsDeclinedCount,Int16,Metric,
av_operator_hourly_stats,No of calls completed,CallsCompletedCount,Int16,Metric,
av_operator_hourly_stats,No of completed calls marked as Verified,CallsVerifiedCount,Int16,Metric,
av_operator_hourly_stats,No of completed calls marked as Rejected,CallsRejectedCount,Int16,Metric,
av_operator_hourly_stats,No of completed calls marked as Unable To Verify,CallsUTVCount,Int16,Metric,
av_operator_hourly_stats,No of completed calls marked as Unable To Verify due to business reasons,CallsUTVBusinessCount,Int16,Metric,
av_operator_hourly_stats,No of completed calls marked as Unable To Verify due to technical reasons reasons,CallsUTVTechnicalCount,Int16,Metric,
av_operator_hourly_stats,Time spent in video call in seconds,InCallTime,Int32,Metric,
av_operator_hourly_stats,Average outgoing bitrate of operator,OutgoingBitrateAvg,Nullable(Float32),Metric,
av_operator_hourly_stats,Average incoming bitrate of operator,IncomingBitrateAvg,Nullable(Float32),Metric,
av_operator_hourly_stats,P90 outgoing bitrate of operator,OutgoingBitrateP90,Nullable(Float32),Metric,
av_operator_hourly_stats,P90 incoming bitrate of operator,IncomingBitrateP90,Nullable(Float32),Metric,
av_operator_hourly_stats,P90 audio level of mic,InputAudioLevelP90,Nullable(Float32),Metric,
av_operator_hourly_stats,P90 audio level of speaker,OutputAudioLevelP90,Nullable(Float32),Metric,
av_operator_hourly_stats,Total no of reconnects triggered on the operator side,MSReconnectCount,Int16,Metric,
av_operator_hourly_stats,Total no of auto reconnects triggered on the operator side,MSAutoReconnectCount,Int16,Metric,
av_operator_hourly_stats,Total no of manual reconnects triggered on the operator side,MSManualReconnectCount,Int16,Metric,
av_operator_hourly_stats,EMPTY,OUID,String,Dimension,
av_operator_hourly_stats,EMPTY,AccountID,String,Dimension,
av_operator_hourly_stats,EMPTY,EmailID,String,Dimension,
av_operator_hourly_stats,EMPTY,Location,Nullable(String),Dimension,
av_operator_hourly_stats,EMPTY,WindowStartTimestamp,DateTime,Dimension,
av_operator_hourly_stats,EMPTY,WindowEndTimestamp,DateTime,Dimension,
av_operator_hourly_stats,EMPTY,InsertedAt,DateTime,Dimension,
av_operator_hourly_stats,EMPTY,Universe,Nullable(String),Dimension,
av_operator_state,EMPTY,OUID,String,Dimension,
av_operator_state,EMPTY,OperatorSessionID,UUID,Dimension,
av_operator_state,EMPTY,AccountID,UUID,Dimension,
av_operator_state,EMPTY,State,String,Dimension,
av_operator_state,EMPTY,QueueName,Nullable(String),Dimension,
av_operator_state,EMPTY,Timestamp,DateTime64(3),Dimension,
av_operator_state,EMPTY,AppVSN,String,Dimension,
av_operator_state,EMPTY,Universe,String,Dimension,
av_operator_state,EMPTY,EID,UUID,Dimension,
av_operator_state,EMPTY,InsertedAt,DateTime64(3),Dimension,
av_reconnect_details,Time taken to perform the reconnect,ReconnectTAT,Int64,Metric,
av_reconnect_details,TAT to invoke GetUserMedia (get camera access),GetUserMediaTAT,Nullable(Int64),Metric,
av_reconnect_details,EMPTY,OUID,String,Dimension,
av_reconnect_details,EMPTY,TaskID,UUID,Dimension,
av_reconnect_details,EMPTY,RoomID,UUID,Dimension,
av_reconnect_details,EMPTY,MSRoomID,String,Dimension,
av_reconnect_details,EMPTY,ReconnectType,String,Dimension,
av_reconnect_details,EMPTY,ReconnectReason,Nullable(String),Dimension,
av_reconnect_details,EMPTY,BackgroundStatus,Nullable(String),Dimension,
av_reconnect_details,EMPTY,Source,String,Dimension,
av_reconnect_details,EMPTY,Destination,String,Dimension,
av_reconnect_details,EMPTY,Universe,String,Dimension,
av_reconnect_details,EMPTY,Timestamp,DateTime64(3),Dimension,
av_reconnect_details,EMPTY,InsertedAt,DateTime64(3),Dimension,
av_session_meta,EMPTY,Assigned,Int8,Dimension,
av_session_meta,EMPTY,OUID,String,Dimension,
av_session_meta,EMPTY,TaskID,String,Dimension,
av_session_meta,EMPTY,AVSessionID,String,Dimension,
av_session_meta,EMPTY,CaptureSessionID,String,Dimension,
av_session_meta,EMPTY,QueueName,String,Dimension,
av_session_meta,EMPTY,EID,String,Dimension,
av_session_meta,EMPTY,Timestamp,DateTime64(3),Dimension,
av_session_meta,EMPTY,InsertedAt,DateTime64(3),Dimension,
av_session_meta,EMPTY,AppVSN,String,Dimension,
av_session_meta,EMPTY,Universe,Nullable(String),Dimension,
av_session_meta,EMPTY,ProfileID,Nullable(String),Dimension,
av_session_meta,EMPTY,PackageID,Nullable(String),Dimension,
av_session_queue_wait_time_summary,Time for which customer was waiting in the queue,WaitTime,Int32,Metric,
av_session_queue_wait_time_summary,EMPTY,OUID,String,Dimension,
av_session_queue_wait_time_summary,EMPTY,TaskID,UUID,Dimension,
av_session_queue_wait_time_summary,EMPTY,ProfileID,UUID,Dimension,
av_session_queue_wait_time_summary,EMPTY,AVSessionID,UUID,Dimension,
av_session_queue_wait_time_summary,EMPTY,LastEventTimestamp,DateTime64(3),Dimension,
av_session_queue_wait_time_summary,EMPTY,PackageID,UUID,Dimension,
av_session_queue_wait_time_summary,EMPTY,EventType,String,Dimension,
av_session_queue_wait_time_summary,EMPTY,Skills,Array(String),Dimension,
av_session_queue_wait_time_summary,EMPTY,CaptureSessionID,String,Dimension,
av_session_queue_wait_time_summary,EMPTY,QueueName,String,Dimension,
av_session_queue_wait_time_summary,EMPTY,Timestamp,DateTime64(3),Dimension,
av_session_queue_wait_time_summary,EMPTY,Universe,String,Dimension,
av_session_queue_wait_time_summary,EMPTY,AppVSN,String,Dimension,
av_session_queue_wait_time_summary,EMPTY,ProfileTag,Nullable(String),Dimension,
av_session_queue_wait_time_summary,EMPTY,InsertedAt,DateTime64(3),Dimension,
capture_camera_switch_events,EMPTY,Timestamp,DateTime64(3),Dimension,
capture_camera_switch_events,EMPTY,OUID,String,Dimension,
capture_camera_switch_events,EMPTY,ProfileID,UUID,Dimension,
capture_camera_switch_events,EMPTY,TaskID,UUID,Dimension,
capture_camera_switch_events,EMPTY,CaptureID,UUID,Dimension,
capture_camera_switch_events,EMPTY,CaptureSessionID,String,Dimension,
capture_camera_switch_events,EMPTY,EventType,String,Dimension,
capture_camera_switch_events,EMPTY,Universe,String,Dimension,
capture_camera_switch_events,EMPTY,FTimestamp,DateTime64(3),Dimension,
capture_camera_switch_events,EMPTY,InsertedAt,DateTime64(3),Dimension,
capture_camera_switch_events,EMPTY,AppVSN,String,Dimension,
capture_camera_switch_events,EMPTY,EID,UUID,Dimension,
capture_create_media_stream_events,TAT of event,TAT,Nullable(UInt16),Metric,
capture_create_media_stream_events,EMPTY,OUID,String,Dimension,
capture_create_media_stream_events,EMPTY,AVTaskID,UUID,Dimension,
capture_create_media_stream_events,EMPTY,ProfileID,UUID,Dimension,
capture_create_media_stream_events,EMPTY,CaptureID,UUID,Dimension,
capture_create_media_stream_events,EMPTY,CaptureSessionID,UUID,Dimension,
capture_create_media_stream_events,EMPTY,Timestamp,DateTime64(3),Dimension,
capture_create_media_stream_events,EMPTY,InsertedAt,DateTime64(3),Dimension,
capture_create_media_stream_events,EMPTY,AppVSN,Nullable(String),Dimension,
capture_create_media_stream_events,EMPTY,EID,String,Dimension,
capture_create_media_stream_events,EMPTY,State,String,Dimension,
capture_create_media_stream_events,EMPTY,Source,Nullable(String),Dimension,
capture_create_media_stream_events,EMPTY,FailureReason,Nullable(String),Dimension,
capture_create_media_stream_events,EMPTY,Universe,String,Dimension,
capture_create_media_stream_events,EMPTY,FTimestamp,Nullable(DateTime64(3)),Dimension,
capture_create_media_stream_events,EMPTY,MSRoomReferenceID,Nullable(UUID),Dimension,
capture_customer_remote_video_state,EMPTY,IsMuted,Nullable(UInt8),Dimension,
capture_customer_remote_video_state,EMPTY,IsRetry,UInt8,Dimension,
capture_customer_remote_video_state,EMPTY,IsPlayAttempted,Nullable(UInt8),Dimension,
capture_customer_remote_video_state,EMPTY,OUID,String,Dimension,
capture_customer_remote_video_state,EMPTY,AVTaskID,UUID,Dimension,
capture_customer_remote_video_state,EMPTY,RoomID,Nullable(UUID),Dimension,
capture_customer_remote_video_state,EMPTY,ProfileID,UUID,Dimension,
capture_customer_remote_video_state,EMPTY,CaptureID,UUID,Dimension,
capture_customer_remote_video_state,EMPTY,AVSessionID,UUID,Dimension,
capture_customer_remote_video_state,EMPTY,CaptureSessionID,UUID,Dimension,
capture_customer_remote_video_state,EMPTY,ParticipantID,UUID,Dimension,
capture_customer_remote_video_state,EMPTY,Timestamp,DateTime64(3),Dimension,
capture_customer_remote_video_state,EMPTY,InsertedAt,DateTime64(3),Dimension,
capture_customer_remote_video_state,EMPTY,AppVSN,Nullable(String),Dimension,
capture_customer_remote_video_state,EMPTY,EID,String,Dimension,
capture_customer_remote_video_state,EMPTY,State,String,Dimension,
capture_customer_remote_video_state,EMPTY,Universe,String,Dimension,
capture_customer_remote_video_state,EMPTY,FTimestamp,Nullable(DateTime64(3)),Dimension,
capture_exception_events,EMPTY,LogSequenceNo,Nullable(UInt16),Dimension,
capture_exception_events,EMPTY,Retransmitted,Nullable(UInt8),Dimension,
capture_exception_events,EMPTY,OUID,String,Dimension,
capture_exception_events,EMPTY,Component,String,Dimension,
capture_exception_events,EMPTY,Service,String,Dimension,
capture_exception_events,EMPTY,EventType,String,Dimension,
capture_exception_events,EMPTY,EventValue,Nullable(String),Dimension,
capture_exception_events,EMPTY,ProfileID,Nullable(UUID),Dimension,
capture_exception_events,EMPTY,CaptureSessionID,Nullable(String),Dimension,
capture_exception_events,EMPTY,ExceptionName,Nullable(String),Dimension,
capture_exception_events,EMPTY,ExceptionDescription,Nullable(String),Dimension,
capture_exception_events,EMPTY,EID,UUID,Dimension,
capture_exception_events,EMPTY,AppVSN,String,Dimension,
capture_exception_events,EMPTY,Universe,String,Dimension,
capture_exception_events,EMPTY,Timestamp,DateTime64(3),Dimension,
capture_exception_events,EMPTY,InsertedAt,DateTime64(3),Dimension,
capture_exception_events,EMPTY,ReferenceType,Nullable(String),Dimension,
capture_exception_events,EMPTY,ReferenceID,Nullable(String),Dimension,
capture_executed_image_captures,Compression quality of images captured during video call,CompressionQuality,Nullable(Float32),Metric,
capture_executed_image_captures,Attempted height of image being captured,AttemptedHeight,Nullable(Int64),Metric,
capture_executed_image_captures,Actual height of image being captured,CapturedHeight,Nullable(Int64),Metric,
capture_executed_image_captures,EMPTY,IsFileUpload,Nullable(Int8),Dimension,
capture_executed_image_captures,EMPTY,OUID,String,Dimension,
capture_executed_image_captures,EMPTY,ProfileID,UUID,Dimension,
capture_executed_image_captures,EMPTY,CaptureID,UUID,Dimension,
capture_executed_image_captures,EMPTY,CaptureSessionID,String,Dimension,
capture_executed_image_captures,EMPTY,AVTaskID,Nullable(UUID),Dimension,
capture_executed_image_captures,EMPTY,AVSessionID,Nullable(UUID),Dimension,
capture_executed_image_captures,EMPTY,TransactionID,String,Dimension,
capture_executed_image_captures,EMPTY,FacingMode,Nullable(String),Dimension,
capture_executed_image_captures,EMPTY,Timestamp,DateTime64(3),Dimension,
capture_executed_image_captures,EMPTY,InsertedAt,DateTime64(3),Dimension,
capture_executed_image_captures,EMPTY,APIUsed,Nullable(String),Dimension,
capture_executed_image_captures,EMPTY,AttemptedWidth,Nullable(Int64),Dimension,
capture_executed_image_captures,EMPTY,CapturedWidth,Nullable(Int64),Dimension,
capture_executed_image_captures,EMPTY,FinalStatus,String,Dimension,
capture_executed_image_captures,EMPTY,Artifact,String,Dimension,
capture_executed_image_captures,EMPTY,ClientName,Nullable(String),Dimension,
capture_executed_image_captures,EMPTY,ClientVersion,Nullable(String),Dimension,
capture_executed_image_captures,EMPTY,MajorClientVersion,Nullable(String),Dimension,
capture_executed_image_captures,EMPTY,OSName,Nullable(String),Dimension,
capture_executed_image_captures,EMPTY,OSVersion,Nullable(String),Dimension,
capture_executed_image_captures,EMPTY,FEAppVSN,String,Dimension,
capture_executed_image_captures,EMPTY,BEAppVSN,String,Dimension,
capture_executed_image_captures,EMPTY,Universe,Nullable(String),Dimension,
capture_executed_image_captures,EMPTY,InVideoCall,Nullable(Int8),Dimension,
capture_funnel,EMPTY,ProfileID,UUID,Dimension,
capture_funnel,EMPTY,CaptureID,UUID,Dimension,
capture_funnel,EMPTY,LoggerSessionID,UUID,Dimension,
capture_funnel,EMPTY,CaptureSessionID,String,Dimension,
capture_funnel,EMPTY,CaptureToken,String,Dimension,
capture_funnel,EMPTY,OUID,String,Dimension,
capture_funnel,EMPTY,LastPage,String,Dimension,
capture_funnel,EMPTY,VisitedPages,Array(String),Dimension,
capture_funnel,EMPTY,Timestamp,DateTime64(6),Dimension,
capture_funnel,EMPTY,FTimestamp,DateTime64(6),Dimension,
capture_funnel,EMPTY,AppVSN,Nullable(String),Dimension,
capture_funnel,EMPTY,InsertedAt,DateTime64(6),Dimension,
capture_funnel,EMPTY,LastNonErrorPage,Nullable(String),Dimension,
capture_funnel,EMPTY,Universe,Nullable(String),Dimension,
capture_funnel,EMPTY,PackageID,Nullable(String),Dimension,
capture_funnel,EMPTY,ClientVersion,Nullable(String),Dimension,
capture_funnel,EMPTY,ClientEngineVersion,Nullable(String),Dimension,
capture_funnel,EMPTY,ClientName,Nullable(String),Dimension,
capture_funnel,EMPTY,ClientType,Nullable(String),Dimension,
capture_funnel,EMPTY,DeviceModel,Nullable(String),Dimension,
capture_funnel,EMPTY,DeviceType,Nullable(String),Dimension,
capture_funnel,EMPTY,DeviceBrand,Nullable(String),Dimension,
capture_funnel,EMPTY,OSName,Nullable(String),Dimension,
capture_funnel,EMPTY,OSFamily,Nullable(String),Dimension,
capture_funnel,EMPTY,BrowserFamily,Nullable(String),Dimension,
capture_funnel,EMPTY,OSPlatform,Nullable(String),Dimension,
capture_funnel,EMPTY,OSVersion,Nullable(String),Dimension,
capture_funnel,EMPTY,ProfileTag,Nullable(String),Dimension,
capture_funnel,EMPTY,QueueName,Nullable(String),Dimension,
capture_funnel,EMPTY,QueueLabel,Nullable(String),Dimension,
capture_funnel_timeline,Time spent by the customer on the current page,EngagementTime,UInt64,Metric,
capture_funnel_timeline,Total time spent by the customer from journey start to the current page,TimeFromJourneyStart,UInt64,Metric,
capture_funnel_timeline,Time spent by the customer on the previous page,TimeFromPreviousPage,UInt64,Metric,
capture_funnel_timeline,EMPTY,IsLastPage,Int8,Dimension,
capture_funnel_timeline,EMPTY,ProfileID,UUID,Dimension,
capture_funnel_timeline,EMPTY,CaptureID,UUID,Dimension,
capture_funnel_timeline,EMPTY,LoggerSessionID,UUID,Dimension,
capture_funnel_timeline,EMPTY,CaptureSessionID,String,Dimension,
capture_funnel_timeline,EMPTY,CaptureToken,String,Dimension,
capture_funnel_timeline,EMPTY,OUID,String,Dimension,
capture_funnel_timeline,EMPTY,Page,String,Dimension,
capture_funnel_timeline,EMPTY,Timestamp,DateTime64(6),Dimension,
capture_funnel_timeline,EMPTY,FTimestamp,DateTime64(6),Dimension,
capture_funnel_timeline,EMPTY,InsertedAt,DateTime64(6),Dimension,
capture_funnel_timeline,EMPTY,AppVSN,Nullable(String),Dimension,
capture_funnel_timeline,EMPTY,Universe,Nullable(String),Dimension,
capture_funnel_timeline,EMPTY,PackageID,Nullable(String),Dimension,
capture_funnel_timeline,EMPTY,PageType,Nullable(String),Dimension,
capture_funnel_timeline,EMPTY,ProfileTag,Nullable(String),Dimension,
capture_funnel_timeline,EMPTY,QueueName,Nullable(String),Dimension,
capture_funnel_timeline,EMPTY,QueueLabel,Nullable(String),Dimension,
capture_media_stream_ended_events,EMPTY,IsCallOngoing,Nullable(UInt8),Dimension,
capture_media_stream_ended_events,EMPTY,OUID,String,Dimension,
capture_media_stream_ended_events,EMPTY,AVTaskID,UUID,Dimension,
capture_media_stream_ended_events,EMPTY,ProfileID,UUID,Dimension,
capture_media_stream_ended_events,EMPTY,CaptureID,UUID,Dimension,
capture_media_stream_ended_events,EMPTY,CaptureSessionID,UUID,Dimension,
capture_media_stream_ended_events,EMPTY,StreamID,Nullable(UUID),Dimension,
capture_media_stream_ended_events,EMPTY,Timestamp,DateTime64(3),Dimension,
capture_media_stream_ended_events,EMPTY,InsertedAt,DateTime64(3),Dimension,
capture_media_stream_ended_events,EMPTY,AppVSN,Nullable(String),Dimension,
capture_media_stream_ended_events,EMPTY,EID,String,Dimension,
capture_media_stream_ended_events,EMPTY,Track,String,Dimension,
capture_media_stream_ended_events,EMPTY,DeviceLabel,String,Dimension,
capture_media_stream_ended_events,EMPTY,TrackLabel,String,Dimension,
capture_media_stream_ended_events,EMPTY,Universe,String,Dimension,
capture_media_stream_ended_events,EMPTY,FTimestamp,Nullable(DateTime64(3)),Dimension,
msc_audio_stats,Audio level of mic,AudioLevel,Float64,Metric,
msc_audio_stats,EMPTY,OUID,String,Dimension,
msc_audio_stats,EMPTY,Timestamp,DateTime64(3),Dimension,
msc_audio_stats,EMPTY,CurrentTimestamp,DateTime64(3),Dimension,
msc_audio_stats,EMPTY,RoomID,UUID,Dimension,
msc_audio_stats,EMPTY,ParticipantID,UUID,Dimension,
msc_audio_stats,EMPTY,MSRoomID,String,Dimension,
msc_audio_stats,EMPTY,MSRoomReferenceID,UUID,Dimension,
msc_audio_stats,EMPTY,StreamID,String,Dimension,
msc_audio_stats,EMPTY,Type,String,Dimension,
msc_audio_stats,EMPTY,EID,UUID,Dimension,
msc_audio_stats,EMPTY,InsertedAt,DateTime64(3),Dimension,
msc_audio_stats,EMPTY,AppVSN,String,Dimension,
msc_audio_stats,EMPTY,Universe,String,Dimension,
msc_call_events,EMPTY,OUID,String,Dimension,
msc_call_events,EMPTY,Timestamp,DateTime64(3),Dimension,
msc_call_events,EMPTY,RoomID,UUID,Dimension,
msc_call_events,EMPTY,ParticipantID,UUID,Dimension,
msc_call_events,EMPTY,MSRoomID,String,Dimension,
msc_call_events,EMPTY,EventName,String,Dimension,
msc_call_events,EMPTY,Details,String,Dimension,
msc_call_events,EMPTY,EID,UUID,Dimension,
msc_call_events,EMPTY,InsertedAt,DateTime64(3),Dimension,
msc_call_events,EMPTY,AppVSN,String,Dimension,
msc_call_events,EMPTY,Universe,String,Dimension,
msc_call_events,EMPTY,PreviousMSRoomID,Nullable(String),Dimension,
msc_health_check_aggregated_stats,Total number of successful bandwidth checks for the task,SuccessBandwidthCheckCount,Int32,Metric,
msc_health_check_aggregated_stats,Average TAT of successful bandwidth checks for the task,SuccessBandwidthCheckAvgTAT,Float64,Metric,
msc_health_check_aggregated_stats,Total number of failed bandwidth checks for the task,FailedBandwidthCheckCount,Int32,Metric,
msc_health_check_aggregated_stats,Average TAT of failed bandwidth checks for the task,FailedBandwidthCheckAvgTAT,Float64,Metric,
msc_health_check_aggregated_stats,TAT of first bandwidth check performed,Attempt1BandwidthCheckTAT,Float64,Metric,
msc_health_check_aggregated_stats,TAT of second bandwidth check performed,Attempt2BandwidthCheckTAT,Float64,Metric,
msc_health_check_aggregated_stats,TAT of third bandwidth check performed,Attempt3BandwidthCheckTAT,Float64,Metric,
msc_health_check_aggregated_stats,P50 audio level of customer's outgoing stream,CustomerPublishCheckP50AudioLevel,Float32,Metric,
msc_health_check_aggregated_stats,P90 audio level of customer's outgoing stream,CustomerPublishCheckP90AudioLevel,Float32,Metric,
msc_health_check_aggregated_stats,P50 audio level of customer's incoming stream,CustomerPlayCheckP50AudioLevel,Float32,Metric,
msc_health_check_aggregated_stats,P90 audio level of customer's incoming stream,CustomerPlayCheckP90AudioLevel,Float32,Metric,
msc_health_check_aggregated_stats,P50 RTT of customer's outgoing stream,CustomerPublishCheckRTTP50,Float32,Metric,
msc_health_check_aggregated_stats,P90 RTT of customer's outgoing stream,CustomerPublishCheckRTTP90,Float32,Metric,
msc_health_check_aggregated_stats,P50 bandwidth of customer's outgoing audio stream,CustomerPublishCheckAudioBandwidthP50,Float32,Metric,
msc_health_check_aggregated_stats,P90 bandwidth of customer's outgoing audio stream,CustomerPublishCheckAudioBandwidthP90,Float32,Metric,
msc_health_check_aggregated_stats,P50 bandwidth of customer's outgoing video stream,CustomerPublishCheckVideoBandwidthP50,Float32,Metric,
msc_health_check_aggregated_stats,P90 bandwidth of customer's outgoing video stream,CustomerPublishCheckVideoBandwidthP90,Float32,Metric,
msc_health_check_aggregated_stats,P50 RTT of customer's incoming stream,CustomerPlayCheckRTTP50,Float32,Metric,
msc_health_check_aggregated_stats,P90 RTT of customer's incoming stream,CustomerPlayCheckRTTP90,Float32,Metric,
msc_health_check_aggregated_stats,P50 bandwidth of customer's incoming audio stream,CustomerPlayCheckAudioBandwidthP50,Float32,Metric,
msc_health_check_aggregated_stats,P90 bandwidth of customer's incoming audio stream,CustomerPlayCheckAudioBandwidthP90,Float32,Metric,
msc_health_check_aggregated_stats,P50 bandwidth of customer's incoming video stream,CustomerPlayCheckVideoBandwidthP50,Float32,Metric,
msc_health_check_aggregated_stats,P90 bandwidth of customer's incoming video stream,CustomerPlayCheckVideoBandwidthP90,Float32,Metric,
msc_health_check_aggregated_stats,Total number of WebRTC stats events,MSCWebRTCStatsCount,Int32,Metric,
msc_health_check_aggregated_stats,Count of events where RTT stats were missing,NullRTTStatsCount,Int32,Metric,
msc_health_check_aggregated_stats,EMPTY,OUID,String,Dimension,
msc_health_check_aggregated_stats,EMPTY,TaskID,UUID,Dimension,
msc_health_check_aggregated_stats,EMPTY,ProfileID,UUID,Dimension,
msc_health_check_aggregated_stats,EMPTY,ParticipantID,UUID,Dimension,
msc_health_check_aggregated_stats,EMPTY,RoomID,UUID,Dimension,
msc_health_check_aggregated_stats,EMPTY,Timestamp,DateTime64(3),Dimension,
msc_health_check_aggregated_stats,EMPTY,CaptureSessionID,String,Dimension,
msc_health_check_aggregated_stats,EMPTY,Universe,String,Dimension,
msc_health_check_aggregated_stats,EMPTY,NetworkCheckID,UUID,Dimension,
msc_health_check_aggregated_stats,EMPTY,HealthCheckResult,Nullable(String),Dimension,
msc_health_check_aggregated_stats,EMPTY,InsertedAt,DateTime64(3),Dimension,
msc_health_check_aggregated_stats,EMPTY,ClientVersion,Nullable(String),Dimension,
msc_health_check_aggregated_stats,EMPTY,ClientEngineVersion,Nullable(String),Dimension,
msc_health_check_aggregated_stats,EMPTY,ClientName,Nullable(String),Dimension,
msc_health_check_aggregated_stats,EMPTY,ClientType,Nullable(String),Dimension,
msc_health_check_aggregated_stats,EMPTY,DeviceModel,Nullable(String),Dimension,
msc_health_check_aggregated_stats,EMPTY,DeviceType,Nullable(String),Dimension,
msc_health_check_aggregated_stats,EMPTY,DeviceBrand,Nullable(String),Dimension,
msc_health_check_aggregated_stats,EMPTY,OSName,Nullable(String),Dimension,
msc_health_check_aggregated_stats,EMPTY,OSFamily,Nullable(String),Dimension,
msc_health_check_aggregated_stats,EMPTY,BrowserFamily,Nullable(String),Dimension,
msc_health_check_aggregated_stats,EMPTY,OSPlatform,Nullable(String),Dimension,
msc_health_check_aggregated_stats,EMPTY,OSVersion,Nullable(String),Dimension,
msc_health_check_decision,Average RTT of outgoing video stream,PublishRTTMean,Float32,Metric,
msc_health_check_decision,P90 RTT of outgoing video stream,PublishRTTP90,Float32,Metric,
msc_health_check_decision,P50 RTT of outgoing video stream,PublishRTTP50,Float32,Metric,
msc_health_check_decision,EMPTY,OUID,String,Dimension,
msc_health_check_decision,EMPTY,TaskID,UUID,Dimension,
msc_health_check_decision,EMPTY,CaptureSessionID,String,Dimension,
msc_health_check_decision,EMPTY,ParticipantID,UUID,Dimension,
msc_health_check_decision,EMPTY,RoomID,UUID,Dimension,
msc_health_check_decision,EMPTY,BandwidthCheckSuccessCount,Int32,Dimension,
msc_health_check_decision,EMPTY,BandwidthCheckAvgTAT,Float32,Dimension,
msc_health_check_decision,EMPTY,HealthCheckResult,String,Dimension,
msc_health_check_decision,EMPTY,Universe,Nullable(String),Dimension,
msc_health_check_decision,EMPTY,EID,UUID,Dimension,
msc_health_check_decision,EMPTY,AppVSN,String,Dimension,
msc_health_check_decision,EMPTY,Timestamp,DateTime64(3),Dimension,
msc_health_check_decision,EMPTY,InsertedAt,DateTime64(3),Dimension,
msc_health_check_decision,EMPTY,NetworkCheckID,String,Dimension,
msc_health_check_mappings,EMPTY,IsPlayNeeded,Nullable(UInt8),Dimension,
msc_health_check_mappings,EMPTY,OUID,String,Dimension,
msc_health_check_mappings,EMPTY,NetworkCheckID,UUID,Dimension,
msc_health_check_mappings,EMPTY,ExternalSessionID,String,Dimension,
msc_health_check_mappings,EMPTY,TaskID,UUID,Dimension,
msc_health_check_mappings,EMPTY,TaskType,String,Dimension,
msc_health_check_mappings,EMPTY,RoomID,UUID,Dimension,
msc_health_check_mappings,EMPTY,ParticipantID,UUID,Dimension,
msc_health_check_mappings,EMPTY,InstanceGroup,String,Dimension,
msc_health_check_mappings,EMPTY,EID,UUID,Dimension,
msc_health_check_mappings,EMPTY,AppVSN,String,Dimension,
msc_health_check_mappings,EMPTY,Universe,String,Dimension,
msc_health_check_mappings,EMPTY,InsertedAt,DateTime64(3),Dimension,
msc_health_check_mappings,EMPTY,Timestamp,DateTime64(3),Dimension,
msc_health_check_mappings,EMPTY,MSCPublisherParticipantID,Nullable(UUID),Dimension,
msc_ms_rooms,EMPTY,OUID,String,Dimension,
msc_ms_rooms,EMPTY,Timestamp,DateTime64(3),Dimension,
msc_ms_rooms,EMPTY,RoomID,UUID,Dimension,
msc_ms_rooms,EMPTY,MSRoomReferenceID,UUID,Dimension,
msc_ms_rooms,EMPTY,MediaServerName,String,Dimension,
msc_ms_rooms,EMPTY,MSRoomID,String,Dimension,
msc_ms_rooms,EMPTY,ProviderName,String,Dimension,
msc_ms_rooms,EMPTY,InstanceGroupName,String,Dimension,
msc_ms_rooms,EMPTY,ClientVersion,String,Dimension,
msc_ms_rooms,EMPTY,LBAlgo,String,Dimension,
msc_ms_rooms,EMPTY,TurnServerName,String,Dimension,
msc_ms_rooms,EMPTY,EID,UUID,Dimension,
msc_ms_rooms,EMPTY,InsertedAt,DateTime64(3),Dimension,
msc_ms_rooms,EMPTY,AppVSN,String,Dimension,
msc_ms_rooms,EMPTY,Universe,String,Dimension,
msc_participants,EMPTY,OUID,String,Dimension,
msc_participants,EMPTY,Timestamp,DateTime64(3),Dimension,
msc_participants,EMPTY,RoomID,UUID,Dimension,
msc_participants,EMPTY,ParticipantID,UUID,Dimension,
msc_participants,EMPTY,EID,UUID,Dimension,
msc_participants,EMPTY,InsertedAt,DateTime64(3),Dimension,
msc_participants,EMPTY,AppVSN,String,Dimension,
msc_participants,EMPTY,Universe,String,Dimension,
msc_room_state_change,Time duration for which Room state stayed in previous state,StateChangeTAT,Int64,Metric,
msc_room_state_change,EMPTY,OUID,String,Dimension,
msc_room_state_change,EMPTY,Timestamp,DateTime64(3),Dimension,
msc_room_state_change,EMPTY,RoomID,UUID,Dimension,
msc_room_state_change,EMPTY,State,String,Dimension,
msc_room_state_change,EMPTY,PreviousState,String,Dimension,
msc_room_state_change,EMPTY,EID,UUID,Dimension,
msc_room_state_change,EMPTY,InsertedAt,DateTime64(3),Dimension,
msc_room_state_change,EMPTY,AppVSN,String,Dimension,
msc_room_state_change,EMPTY,Universe,String,Dimension,
msc_rooms,EMPTY,ComposeOnDemand,Int8,Dimension,
msc_rooms,EMPTY,WebhookAfterComposition,Int8,Dimension,
msc_rooms,EMPTY,StartAfterAllJoin,Int8,Dimension,
msc_rooms,EMPTY,OUID,String,Dimension,
msc_rooms,EMPTY,Timestamp,DateTime64(3),Dimension,
msc_rooms,EMPTY,RoomID,UUID,Dimension,
msc_rooms,EMPTY,ExtReferenceID,UUID,Dimension,
msc_rooms,EMPTY,InstanceGroup,String,Dimension,
msc_rooms,EMPTY,TerminateParticipantsOn,String,Dimension,
msc_rooms,EMPTY,EID,UUID,Dimension,
msc_rooms,EMPTY,InsertedAt,DateTime64(3),Dimension,
msc_rooms,EMPTY,AppVSN,String,Dimension,
msc_rooms,EMPTY,Universe,String,Dimension,
msc_stream_state_change,Time duration for which Stream state stayed in previous state,StateChangeTAT,Int64,Metric,
msc_stream_state_change,EMPTY,OUID,String,Dimension,
msc_stream_state_change,EMPTY,Timestamp,DateTime64(3),Dimension,
msc_stream_state_change,EMPTY,RoomID,UUID,Dimension,
msc_stream_state_change,EMPTY,StreamID,String,Dimension,
msc_stream_state_change,EMPTY,ParticipantID,UUID,Dimension,
msc_stream_state_change,EMPTY,State,String,Dimension,
msc_stream_state_change,EMPTY,PreviousState,String,Dimension,
msc_stream_state_change,EMPTY,EID,UUID,Dimension,
msc_stream_state_change,EMPTY,InsertedAt,DateTime64(3),Dimension,
msc_stream_state_change,EMPTY,AppVSN,String,Dimension,
msc_stream_state_change,EMPTY,Universe,String,Dimension,
msc_streams,EMPTY,OUID,String,Dimension,
msc_streams,EMPTY,Timestamp,DateTime64(3),Dimension,
msc_streams,EMPTY,RoomID,UUID,Dimension,
msc_streams,EMPTY,ParticipantID,UUID,Dimension,
msc_streams,EMPTY,StreamID,String,Dimension,
msc_streams,EMPTY,MediaServerName,String,Dimension,
msc_streams,EMPTY,MSRoomID,String,Dimension,
msc_streams,EMPTY,ProviderName,String,Dimension,
msc_streams,EMPTY,InstanceGroupName,String,Dimension,
msc_streams,EMPTY,ClientVersion,String,Dimension,
msc_streams,EMPTY,LBAlgo,String,Dimension,
msc_streams,EMPTY,TurnServerName,String,Dimension,
msc_streams,EMPTY,EID,UUID,Dimension,
msc_streams,EMPTY,InsertedAt,DateTime64(3),Dimension,
msc_streams,EMPTY,AppVSN,String,Dimension,
msc_streams,EMPTY,Universe,String,Dimension,
msc_video_composition_executed,Time taken for video composition,TAT,Nullable(Float64),Metric,
msc_video_composition_executed,EMPTY,OUID,String,Dimension,
msc_video_composition_executed,EMPTY,RoomID,String,Dimension,
msc_video_composition_executed,EMPTY,AppVSN,String,Dimension,
msc_video_composition_executed,EMPTY,InsertedAt,DateTime64(3),Dimension,
msc_video_composition_executed,EMPTY,Timestamp,DateTime64(3),Dimension,
msc_video_composition_executed,EMPTY,OutputFormat,Nullable(String),Dimension,
msc_video_composition_executed,EMPTY,Universe,Nullable(String),Dimension,
msc_video_composition_executed,EMPTY,Status,String,Dimension,
msc_video_composition_executed,EMPTY,FailureReason,Nullable(String),Dimension,
msc_video_composition_executed,EMPTY,FailureDetails,Nullable(String),Dimension,
msc_webrtc_stats,EMPTY,IsChrome,Int8,Dimension,
msc_webrtc_stats,Round Trip Time,RTT,Float64,Metric,
msc_webrtc_stats,Height of video being transmitted,Resolutions_Height,Int64,Metric,
msc_webrtc_stats,EMPTY,CpuLimitedResolution,Int8,Dimension,
msc_webrtc_stats,Represents audio level/loudness,Audio_AudioLevel,Float64,Metric,
msc_webrtc_stats,Accumulated total audio energy from the start of the call,Audio_TotalAudioEnergy,Float64,Metric,
msc_webrtc_stats,Total bytes of audio stream transmitted form start of call,Audio_Bytes,Float64,Metric,
msc_webrtc_stats,Packets lost of audio stream,Audio_PacketsLost,Int64,Metric,
msc_webrtc_stats,Audio stream latency,Audio_Latency,Int64,Metric,
msc_webrtc_stats,Audio jitter,Audio_Jitter,Float64,Metric,
msc_webrtc_stats,Time spent by audio packets in the jitter buffer before being decoded,Audio_JitterBufferDelay,Float64,Metric,
msc_webrtc_stats,EMPTY,Track_Audio_Enabled,Int8,Dimension,
msc_webrtc_stats,EMPTY,Track_Audio_Muted,Int8,Dimension,
msc_webrtc_stats,EMPTY,Track_Audio_Isolated,Int8,Dimension,
msc_webrtc_stats,EMPTY,OUID,String,Dimension,
msc_webrtc_stats,EMPTY,Timestamp,DateTime64(3),Dimension,
msc_webrtc_stats,EMPTY,CurrentTimestamp,DateTime64(3),Dimension,
msc_webrtc_stats,EMPTY,RoomID,UUID,Dimension,
msc_webrtc_stats,EMPTY,ParticipantID,UUID,Dimension,
msc_webrtc_stats,EMPTY,MSRoomID,String,Dimension,
msc_webrtc_stats,EMPTY,MSRoomReferenceID,UUID,Dimension,
msc_webrtc_stats,EMPTY,StreamID,String,Dimension,
msc_webrtc_stats,EMPTY,Type,String,Dimension,
msc_webrtc_stats,EMPTY,Conn_Local_CandidateType,String,Dimension,
msc_webrtc_stats,EMPTY,Conn_Local_Transport,String,Dimension,
msc_webrtc_stats,EMPTY,Conn_Local_IpAddress,String,Dimension,
msc_webrtc_stats,EMPTY,Conn_Local_PortNumber,String,Dimension,
msc_webrtc_stats,EMPTY,Conn_Local_NetworkType,String,Dimension,
msc_webrtc_stats,EMPTY,Conn_Remote_CandidateType,String,Dimension,
msc_webrtc_stats,EMPTY,Conn_Remote_Transport,String,Dimension,
msc_webrtc_stats,EMPTY,Conn_Remote_IpAddress,String,Dimension,
msc_webrtc_stats,EMPTY,Conn_Remote_PortNumber,String,Dimension,
msc_webrtc_stats,EMPTY,Conn_Remote_NetworkType,String,Dimension,
msc_webrtc_stats,EMPTY,AverageBandwidth,Float64,Dimension,
msc_webrtc_stats,EMPTY,Bandwidth,Float64,Dimension,
msc_webrtc_stats,EMPTY,AvailableBandwidth,Float64,Dimension,
msc_webrtc_stats,EMPTY,Resolutions_Width,Int64,Dimension,
msc_webrtc_stats,EMPTY,BandwidthLimitedResolution,Int8,Dimension,
msc_webrtc_stats,EMPTY,Video_Codec,String,Dimension,
msc_webrtc_stats,EMPTY,Video_Bytes,Float64,Dimension,
msc_webrtc_stats,EMPTY,Video_Bandwidth,Float64,Dimension,
msc_webrtc_stats,EMPTY,Video_AverageBandwidth,Float64,Dimension,
msc_webrtc_stats,EMPTY,Video_Latency,Int64,Dimension,
msc_webrtc_stats,EMPTY,Video_PacketsLost,Int64,Dimension,
msc_webrtc_stats,EMPTY,Video_CodecImplementationName,String,Dimension,
msc_webrtc_stats,EMPTY,Video_Jitter,Float64,Dimension,
msc_webrtc_stats,EMPTY,Video_JitterBufferDelay,Int64,Dimension,
msc_webrtc_stats,EMPTY,Audio_Codec,String,Dimension,
msc_webrtc_stats,EMPTY,Audio_Bandwidth,Float64,Dimension,
msc_webrtc_stats,EMPTY,Audio_AverageBandwidth,Float64,Dimension,
msc_webrtc_stats,EMPTY,Track_Audio_Label,String,Dimension,
msc_webrtc_stats,EMPTY,Track_Audio_ReadyState,String,Dimension,
msc_webrtc_stats,EMPTY,Track_Video_Enabled,Int8,Dimension,
msc_webrtc_stats,EMPTY,Track_Video_Muted,Int8,Dimension,
msc_webrtc_stats,EMPTY,Track_Video_Isolated,Int8,Dimension,
msc_webrtc_stats,EMPTY,Track_Video_Label,String,Dimension,
msc_webrtc_stats,EMPTY,Track_Video_ReadyState,String,Dimension,
msc_webrtc_stats,EMPTY,EID,UUID,Dimension,
msc_webrtc_stats,EMPTY,InsertedAt,DateTime64(3),Dimension,
msc_webrtc_stats,EMPTY,AppVSN,String,Dimension,
msc_webrtc_stats,EMPTY,Universe,String,Dimension,
pg_outbound_adaptors_activities_v2,Webhook API response TAT,TAT,Nullable(Int32),Metric,
pg_outbound_adaptors_activities_v2,Attempt number for the webhook,Attempt,Nullable(Int32),Metric,
pg_outbound_adaptors_activities_v2,EMPTY,OUID,String,Dimension,
pg_outbound_adaptors_activities_v2,EMPTY,ProfileID,UUID,Dimension,
pg_outbound_adaptors_activities_v2,EMPTY,Activity,String,Dimension,
pg_outbound_adaptors_activities_v2,EMPTY,ActivityState,Nullable(String),Dimension,
pg_outbound_adaptors_activities_v2,EMPTY,ActivityResult,Nullable(String),Dimension,
pg_outbound_adaptors_activities_v2,EMPTY,Details,Nullable(String),Dimension,
pg_outbound_adaptors_activities_v2,EMPTY,Timestamp,DateTime64(3),Dimension,
pg_outbound_adaptors_activities_v2,EMPTY,EID,String,Dimension,
pg_outbound_adaptors_activities_v2,EMPTY,AppVSN,String,Dimension,
pg_outbound_adaptors_activities_v2,EMPTY,InsertedAt,DateTime64(3),Dimension,
pg_profile_state_transitions,EMPTY,OUID,String,Dimension,
pg_profile_state_transitions,EMPTY,TaskID,UUID,Dimension,
pg_profile_state_transitions,EMPTY,ProfileID,UUID,Dimension,
pg_profile_state_transitions,EMPTY,ProfileCurrentState,String,Dimension,
pg_profile_state_transitions,EMPTY,ProfileNextState,Nullable(String),Dimension,
pg_profile_state_transitions,EMPTY,LockAcquired,String,Dimension,
pg_profile_state_transitions,EMPTY,EventName,String,Dimension,
pg_profile_state_transitions,EMPTY,EventType,String,Dimension,
pg_profile_state_transitions,EMPTY,Timestamp,DateTime64(3),Dimension,
pg_profile_state_transitions,EMPTY,InsertedAt,DateTime64(3),Dimension,
pg_profile_state_transitions,EMPTY,Universe,String,Dimension,
pg_profile_state_transitions,EMPTY,AppVSN,String,Dimension,
pg_profile_state_transitions,EMPTY,EID,UUID,Dimension,
pm_capture_session_meta,Geolocation latitude of the customer,Lat,Nullable(Float32),Metric,
pm_capture_session_meta,Geolocation longitude of the customer,Long,Nullable(Float32),Metric,
pm_capture_session_meta,EMPTY,ProfileID,UUID,Dimension,
pm_capture_session_meta,EMPTY,CaptureID,UUID,Dimension,
pm_capture_session_meta,EMPTY,CaptureSessionID,String,Dimension,
pm_capture_session_meta,EMPTY,CaptureToken,String,Dimension,
pm_capture_session_meta,EMPTY,OUID,String,Dimension,
pm_capture_session_meta,EMPTY,EID,UUID,Dimension,
pm_capture_session_meta,EMPTY,UserDeviceID,Nullable(String),Dimension,
pm_capture_session_meta,EMPTY,IP,Nullable(String),Dimension,
pm_capture_session_meta,EMPTY,UserAgent,Nullable(String),Dimension,
pm_capture_session_meta,EMPTY,PackageID,Nullable(String),Dimension,
pm_capture_session_meta,EMPTY,ClientEngine,Nullable(String),Dimension,
pm_capture_session_meta,EMPTY,ClientEngineVersion,Nullable(String),Dimension,
pm_capture_session_meta,EMPTY,ClientName,Nullable(String),Dimension,
pm_capture_session_meta,EMPTY,ClientType,Nullable(String),Dimension,
pm_capture_session_meta,EMPTY,BrowserFamily,Nullable(String),Dimension,
pm_capture_session_meta,EMPTY,ClientVersion,Nullable(String),Dimension,
pm_capture_session_meta,EMPTY,DeviceBrand,Nullable(String),Dimension,
pm_capture_session_meta,EMPTY,DeviceModel,Nullable(String),Dimension,
pm_capture_session_meta,EMPTY,DeviceType,Nullable(String),Dimension,
pm_capture_session_meta,EMPTY,OSName,Nullable(String),Dimension,
pm_capture_session_meta,EMPTY,OSPlatform,Nullable(String),Dimension,
pm_capture_session_meta,EMPTY,OSVersion,Nullable(String),Dimension,
pm_capture_session_meta,EMPTY,OSFamily,Nullable(String),Dimension,
pm_capture_session_meta,EMPTY,HasRedirectURI,Nullable(String),Dimension,
pm_capture_session_meta,EMPTY,HasExitURI,Nullable(String),Dimension,
pm_capture_session_meta,EMPTY,Source,Nullable(String),Dimension,
pm_capture_session_meta,EMPTY,Retries,Nullable(String),Dimension,
pm_capture_session_meta,EMPTY,Timestamp,DateTime64(6),Dimension,
pm_capture_session_meta,EMPTY,AppVSN,Nullable(String),Dimension,
pm_capture_session_meta,EMPTY,InsertedAt,DateTime64(6),Dimension,
pm_capture_session_meta,EMPTY,Universe,Nullable(String),Dimension,
pm_external_tasks_executed,EMPTY,TaskID,UUID,Dimension,
pm_external_tasks_executed,EMPTY,ProfileID,UUID,Dimension,
pm_external_tasks_executed,EMPTY,EID,Nullable(UUID),Dimension,
pm_external_tasks_executed,EMPTY,OUID,String,Dimension,
pm_external_tasks_executed,EMPTY,Timestamp,DateTime64(6),Dimension,
pm_external_tasks_executed,EMPTY,TaskType,Nullable(String),Dimension,
pm_external_tasks_executed,EMPTY,TaskKey,Nullable(String),Dimension,
pm_external_tasks_executed,EMPTY,ParentTaskID,Nullable(UUID),Dimension,
pm_external_tasks_executed,EMPTY,InsertedAt,DateTime64(6),Dimension,
pm_external_tasks_executed,EMPTY,AppVSN,Nullable(String),Dimension,
pm_external_tasks_executed,EMPTY,Universe,Nullable(String),Dimension,
pm_external_tasks_executed,EMPTY,Service,String,Dimension,
pm_link_clicked,EMPTY,ProfileID,UUID,Dimension,
pm_link_clicked,EMPTY,CaptureID,UUID,Dimension,
pm_link_clicked,EMPTY,OUID,String,Dimension,
pm_link_clicked,EMPTY,CaptureSessionID,String,Dimension,
pm_link_clicked,EMPTY,CaptureToken,String,Dimension,
pm_link_clicked,EMPTY,CaptureStatus,String,Dimension,
pm_link_clicked,EMPTY,ProfileStatus,String,Dimension,
pm_link_clicked,EMPTY,Timestamp,DateTime64(6),Dimension,
pm_link_clicked,EMPTY,AppVSN,Nullable(String),Dimension,
pm_link_clicked,EMPTY,InsertedAt,DateTime64(6),Dimension,
pm_link_clicked,EMPTY,Universe,Nullable(String),Dimension,
pm_link_clicked,EMPTY,EID,Nullable(UUID),Dimension,
pm_link_clicked,EMPTY,QueueLabel,Nullable(String),Dimension,
pm_link_clicked,EMPTY,ProfileTag,Nullable(String),Dimension,
pm_link_clicked,EMPTY,PackageID,Nullable(UUID),Dimension,
pm_maker_checker_daily_mis_report,EMPTY,OUID,String,Dimension,
pm_maker_checker_daily_mis_report,EMPTY,Timestamp,DateTime64(3),Dimension,
pm_maker_checker_daily_mis_report,EMPTY,InsertedAt,DateTime64(3),Dimension,
pm_package_meta,EMPTY,AutocloseEnabled,Int8,Dimension,
pm_package_meta,EMPTY,Active,Int8,Dimension,
pm_package_meta,EMPTY,ReviewEnabled,Int8,Dimension,
pm_package_meta,EMPTY,CaptureEnabled,Int8,Dimension,
pm_package_meta,EMPTY,APIOnly,Int8,Dimension,
pm_package_meta,EMPTY,IsGeneric,Nullable(Int8),Dimension,
pm_package_meta,Capure expiry set on the package,CaptureExpiresIn,Nullable(Int64),Metric,
pm_package_meta,EMPTY,PermitMultipleCaptures,Nullable(Int8),Dimension,
pm_package_meta,EMPTY,CaptureProcessingEnabled,Int8,Dimension,
pm_package_meta,EMPTY,ScreenshotEditEnabled,Nullable(Int8),Dimension,
pm_package_meta,EMPTY,OUID,String,Dimension,
pm_package_meta,EMPTY,PackageID,String,Dimension,
pm_package_meta,EMPTY,AppVSN,String,Dimension,
pm_package_meta,EMPTY,InsertedAt,DateTime64(3),Dimension,
pm_package_meta,EMPTY,Timestamp,DateTime64(3),Dimension,
pm_package_meta,EMPTY,Action,String,Dimension,
pm_package_meta,EMPTY,Name,String,Dimension,
pm_package_meta,EMPTY,Label,String,Dimension,
pm_package_meta,EMPTY,Version,String,Dimension,
pm_package_meta,EMPTY,HasAssistedVideo,Int8,Dimension,
pm_package_meta,EMPTY,HasSelfVideo,Int8,Dimension,
pm_package_meta,EMPTY,LastUpdatedByAccountID,String,Dimension,
pm_package_meta,EMPTY,LastUpdatedByEmailID,String,Dimension,
pm_package_meta,EMPTY,LastUpdatedByOUID,String,Dimension,
pm_package_meta,EMPTY,Universe,Nullable(String),Dimension,
pm_pdf_generation_exceptions,EMPTY,OUID,String,Dimension,
pm_pdf_generation_exceptions,EMPTY,ProfileID,UUID,Dimension,
pm_pdf_generation_exceptions,EMPTY,ErrorCode,String,Dimension,
pm_pdf_generation_exceptions,EMPTY,PackageID,String,Dimension,
pm_pdf_generation_exceptions,EMPTY,ErrorDetails,String,Dimension,
pm_pdf_generation_exceptions,EMPTY,AppVSN,String,Dimension,
pm_pdf_generation_exceptions,EMPTY,Universe,String,Dimension,
pm_pdf_generation_exceptions,EMPTY,EID,UUID,Dimension,
pm_pdf_generation_exceptions,EMPTY,Timestamp,DateTime64(3),Dimension,
pm_pdf_generation_exceptions,EMPTY,InsertedAt,DateTime64(3),Dimension,
pm_pdf_generation_executed,TAT of PDF Generation,TAT,Float64,Metric,
pm_pdf_generation_executed,EMPTY,OUID,String,Dimension,
pm_pdf_generation_executed,EMPTY,ProfileID,UUID,Dimension,
pm_pdf_generation_executed,EMPTY,PackageID,String,Dimension,
pm_pdf_generation_executed,EMPTY,Status,String,Dimension,
pm_pdf_generation_executed,EMPTY,AppVSN,String,Dimension,
pm_pdf_generation_executed,EMPTY,Universe,String,Dimension,
pm_pdf_generation_executed,EMPTY,EID,UUID,Dimension,
pm_pdf_generation_executed,EMPTY,Timestamp,DateTime64(3),Dimension,
pm_pdf_generation_executed,EMPTY,InsertedAt,DateTime64(3),Dimension,
pm_profile_creation_webhook_executed,EMPTY,HTTPStatusCode,Nullable(Int64),Dimension,
pm_profile_creation_webhook_executed,Count of retries left,RetriesLeft,Int64,Metric,
pm_profile_creation_webhook_executed,Webhook API response TAT,TAT,Float64,Metric,
pm_profile_creation_webhook_executed,EMPTY,OUID,String,Dimension,
pm_profile_creation_webhook_executed,EMPTY,ProfileID,UUID,Dimension,
pm_profile_creation_webhook_executed,EMPTY,Status,LowCardinality(String),Dimension,
pm_profile_creation_webhook_executed,EMPTY,WebhookEndpoint,String,Dimension,
pm_profile_creation_webhook_executed,EMPTY,AppVSN,String,Dimension,
pm_profile_creation_webhook_executed,EMPTY,Universe,LowCardinality(String),Dimension,
pm_profile_creation_webhook_executed,EMPTY,EID,UUID,Dimension,
pm_profile_creation_webhook_executed,EMPTY,Timestamp,DateTime64(3),Dimension,
pm_profile_creation_webhook_executed,EMPTY,InsertedAt,DateTime64(3),Dimension,
pm_profile_status_update_webhook_executed,EMPTY,HTTPStatusCode,Nullable(Int64),Dimension,
pm_profile_status_update_webhook_executed,Count of retries left,RetriesLeft,Int64,Metric,
pm_profile_status_update_webhook_executed,Webhook API response TAT,TAT,Float64,Metric,
pm_profile_status_update_webhook_executed,EMPTY,OUID,String,Dimension,
pm_profile_status_update_webhook_executed,EMPTY,ProfileID,UUID,Dimension,
pm_profile_status_update_webhook_executed,EMPTY,Status,LowCardinality(String),Dimension,
pm_profile_status_update_webhook_executed,EMPTY,ProfileStatus,LowCardinality(String),Dimension,
pm_profile_status_update_webhook_executed,EMPTY,WebhookEndpoint,String,Dimension,
pm_profile_status_update_webhook_executed,EMPTY,AppVSN,String,Dimension,
pm_profile_status_update_webhook_executed,EMPTY,Universe,LowCardinality(String),Dimension,
pm_profile_status_update_webhook_executed,EMPTY,EID,UUID,Dimension,
pm_profile_status_update_webhook_executed,EMPTY,Timestamp,DateTime64(3),Dimension,
pm_profile_status_update_webhook_executed,EMPTY,InsertedAt,DateTime64(3),Dimension,
pm_resolve_location_result,EMPTY,OUID,String,Dimension,
pm_resolve_location_result,EMPTY,AVTaskID,Nullable(String),Dimension,
pm_resolve_location_result,EMPTY,LocationTaskID,UUID,Dimension,
pm_resolve_location_result,EMPTY,CaptureSessionID,UUID,Dimension,
pm_resolve_location_result,EMPTY,CaptureID,UUID,Dimension,
pm_resolve_location_result,EMPTY,ProfileID,String,Dimension,
pm_resolve_location_result,EMPTY,City,Nullable(String),Dimension,
pm_resolve_location_result,EMPTY,District,Nullable(String),Dimension,
pm_resolve_location_result,EMPTY,Pincode,Nullable(String),Dimension,
pm_resolve_location_result,EMPTY,State,Nullable(String),Dimension,
pm_resolve_location_result,EMPTY,Country,String,Dimension,
pm_resolve_location_result,EMPTY,CountryCode,String,Dimension,
pm_resolve_location_result,EMPTY,StreetAddress,String,Dimension,
pm_resolve_location_result,EMPTY,Latitude,String,Dimension,
pm_resolve_location_result,EMPTY,Longitude,String,Dimension,
pm_resolve_location_result,EMPTY,ExecutionContext,String,Dimension,
pm_resolve_location_result,EMPTY,LocationProvider,String,Dimension,
pm_resolve_location_result,EMPTY,AppVSN,String,Dimension,
pm_resolve_location_result,EMPTY,Universe,String,Dimension,
pm_resolve_location_result,EMPTY,EID,UUID,Dimension,
pm_resolve_location_result,EMPTY,Timestamp,DateTime64(3),Dimension,
pm_resolve_location_result,EMPTY,InsertedAt,DateTime64(3),Dimension,
pm_reviewer_action,EMPTY,AutoClosed,Int8,Dimension,
pm_reviewer_action,EMPTY,EID,UUID,Dimension,
pm_reviewer_action,EMPTY,Timestamp,DateTime64(3),Dimension,
pm_reviewer_action,EMPTY,OUID,String,Dimension,
pm_reviewer_action,EMPTY,ProfileID,UUID,Dimension,
pm_reviewer_action,EMPTY,AccountID,Nullable(UUID),Dimension,
pm_reviewer_action,EMPTY,Action,String,Dimension,
pm_reviewer_action,EMPTY,Reason,Nullable(String),Dimension,
pm_reviewer_action,EMPTY,EmailID,Nullable(String),Dimension,
pm_reviewer_action,EMPTY,Universe,Nullable(String),Dimension,
pm_reviewer_action,EMPTY,InsertedAt,DateTime64(3),Dimension,
pm_reviewer_action,EMPTY,PackageID,Nullable(String),Dimension,
pm_reviewer_action,EMPTY,CaptureID,Nullable(String),Dimension,
pm_reviewer_action,EMPTY,Comments,Nullable(String),Dimension,
pm_reviewer_action,EMPTY,ReasonCode,Nullable(String),Dimension,
pm_reviewer_action,EMPTY,ProfileTag,Nullable(String),Dimension,
pm_reviewer_action,EMPTY,QueueLabel,Nullable(String),Dimension,
pm_session_status_update_webhook_executed,EMPTY,HTTPStatusCode,Nullable(Int64),Dimension,
pm_session_status_update_webhook_executed,Count of retries left,RetriesLeft,Int64,Metric,
pm_session_status_update_webhook_executed,Webhook API response TAT,TAT,Float64,Metric,
pm_session_status_update_webhook_executed,EMPTY,OUID,String,Dimension,
pm_session_status_update_webhook_executed,EMPTY,ProfileID,UUID,Dimension,
pm_session_status_update_webhook_executed,EMPTY,Status,LowCardinality(String),Dimension,
pm_session_status_update_webhook_executed,EMPTY,SessionStatus,LowCardinality(String),Dimension,
pm_session_status_update_webhook_executed,EMPTY,WebhookEndpoint,String,Dimension,
pm_session_status_update_webhook_executed,EMPTY,AppVSN,String,Dimension,
pm_session_status_update_webhook_executed,EMPTY,Universe,LowCardinality(String),Dimension,
pm_session_status_update_webhook_executed,EMPTY,EID,UUID,Dimension,
pm_session_status_update_webhook_executed,EMPTY,Timestamp,DateTime64(3),Dimension,
pm_session_status_update_webhook_executed,EMPTY,InsertedAt,DateTime64(3),Dimension,
pm_task_inputs_flattened,Total number of documents captured during capture journey,ResourceCount,Int32,Metric,
pm_task_inputs_flattened,EMPTY,OUID,String,Dimension,
pm_task_inputs_flattened,EMPTY,ProfileID,String,Dimension,
pm_task_inputs_flattened,EMPTY,TaskID,String,Dimension,
pm_task_inputs_flattened,EMPTY,EID,String,Dimension,
pm_task_inputs_flattened,EMPTY,Timestamp,DateTime64(3),Dimension,
pm_task_inputs_flattened,EMPTY,InsertedAt,DateTime64(3),Dimension,
pm_task_inputs_flattened,EMPTY,AppVSN,String,Dimension,
pm_task_inputs_flattened,EMPTY,ID,String,Dimension,
pm_task_inputs_flattened,EMPTY,Key,String,Dimension,
pm_task_inputs_flattened,EMPTY,Side,Nullable(String),Dimension,
pm_task_inputs_flattened,EMPTY,Source,String,Dimension,
pm_task_inputs_flattened,EMPTY,CardType,Nullable(String),Dimension,
pm_task_inputs_flattened,EMPTY,FactType,Nullable(String),Dimension,
pm_task_inputs_flattened,EMPTY,Tags,Array(String),Dimension,
pm_task_inputs_flattened,EMPTY,Type,String,Dimension,
pm_task_inputs_flattened,EMPTY,Universe,Nullable(String),Dimension,
tasky_completed_tasks,Time taken from first task allocation to task completion,TAT,Int64,Metric,
tasky_completed_tasks,EMPTY,OUID,String,Dimension,
tasky_completed_tasks,EMPTY,AccountID,UUID,Dimension,
tasky_completed_tasks,EMPTY,TaskID,UUID,Dimension,
tasky_completed_tasks,EMPTY,ProfileID,UUID,Dimension,
tasky_completed_tasks,EMPTY,TaskType,String,Dimension,
tasky_completed_tasks,EMPTY,Timestamp,DateTime64(3),Dimension,
tasky_completed_tasks,EMPTY,AppVSN,String,Dimension,
tasky_completed_tasks,EMPTY,Flow,Nullable(String),Dimension,
tasky_completed_tasks,EMPTY,Action,Nullable(String),Dimension,
tasky_completed_tasks,EMPTY,Reason,Nullable(String),Dimension,
tasky_completed_tasks,EMPTY,InsertedAt,DateTime64(3),Dimension,
tasky_reviewer_activity_stats,Total time agent was online,ToggleOntimeMS,Int64,Metric,
tasky_reviewer_activity_stats,Total time agent was offline,ToggleOfftimeMS,Int64,Metric,
tasky_reviewer_activity_stats,Total time agent spent reviewing tasks,InReviewTimeMS,Int64,Metric,
tasky_reviewer_activity_stats,EMPTY,OUID,String,Dimension,
tasky_reviewer_activity_stats,EMPTY,AgentID,UUID,Dimension,
tasky_reviewer_activity_stats,EMPTY,Universe,Nullable(String),Dimension,
tasky_reviewer_activity_stats,EMPTY,AppVSN,Nullable(String),Dimension,
tasky_reviewer_activity_stats,EMPTY,InsertedAt,DateTime64(3),Dimension,
tasky_reviewer_activity_stats,EMPTY,AgentEmail,String,Dimension,
tasky_reviewer_activity_stats,EMPTY,Timestamp,DateTime64(3),Dimension,
tasky_reviewer_activity_stats,EMPTY,IdleTimeMS,Int64,Dimension,
tasky_reviewer_activity_stats,EMPTY,FirstToggleOn,Nullable(DateTime64(3)),Dimension,
tasky_reviewer_activity_stats,EMPTY,LastToggleOff,Nullable(DateTime64(3)),Dimension,
tasky_reviewer_activity_stats,EMPTY,LastState,String,Dimension,